key,pl,de,en,fr (French),sv (Swedish),it (Italian),es (Spanish),da (Danish)
,,,,,,,,
%@ ago,%@ temu,vor %@,%@ ago,,,,,
%@%lld New Videos,%1$@%2$lld Nowe filmy,%1$@%2$lld Neue Videos,%1$@%2$lld New Videos,,,,,
%lld New Videos,%lld Nowe filmy,%lld Neue Videos,%lld New Videos,,,,,
%lld min,%lld min,%lld min,%lld min,,,,,
Could not subscribe: %@,Nie można zasubskrybować: %@,Abonnieren fehlgeschlagen: %@,Could not subscribe: %@,,,,,
Couldn't convert to URL: %@,Nie można przekonwertować na URL: %@,URL konnte nicht erstellt werden: %@,Couldn't convert to URL: %@,,,,,
HTTP request failed: %@,Żądanie HTTP nie powiodło się: %@,HTTP request fehlgeschlagen: %@,HTTP request failed: %@,,,,,
InboxHasVideosTip,Nowe filmy,Neue Videos,New Videos,,,,,
InboxHasVideosTipMessage,"Kliknij tutaj, aby zobaczyć nowe filmy",Tippe hier um neue Videos anzusehen,Tap here to view new videos,,,,,
InboxSwipeTip,Przesuń w lewo lub prawo,Wische Links oder Rechts,Swipe Left or Right,,,,,
InboxSwipeTipMessage,"Przesunięcie w lewo wyczyści film, a przesunięcie w prawo da ci możliwość wstawienia go na szczyt lub na dół kolejki.

Kliknięcie filmu przeniesie go na szczyt kolejki i rozpocznie odtwarzanie.","Nach links wischen löscht das Video, nach rechts wischen gibt dir die Möglichkeit, es oben oder unten in die Warteschlange einzufügen.

Tippen auf ein Video bewegt es an die Spitze der Warteschlange und startet die Wiedergabe.","Swiping left will clear the video, while swiping right will give you the option to insert it at the top or bottom of the Queue.

Tapping a video will move it to the top of the Queue and start playback.",,,,,
Today,Dzisiaj,Heute,Today,,,,,
"Today, %@","Dzisiaj, %@","Heute, %@","Today, %@",,,,,
Unwatched,Unwatched,Unwatched,Unwatched,,,,,
Video,Film,Video,Video,,,,,
WatchInUnwatched,Oglądaj w Unwatched,In Unwatched ansehen,Watch in Unwatched,,,,,
WatchInUnwatchedDescription,Odtwarza film i otwiera Unwatched,Öffnet Unwatched und started das Video,Plays the video in and opens Unwatched,,,,,
"Yesterday, %@","Wczoraj, %@","Gestern, %@","Yesterday, %@",,,,,
^[%lld video](inflect: true) available,^[%lld Film](inflect: true) dostępny,^[%lld Video](inflect: true) Verfügbar,^[%lld Video](inflect: true) Available,,,,,
addAsPlaylist,Subskrybuj playlistę,Playlist abonnieren,Subscribe to Playlist,,,,,
addAsVideosToInbox,Dodaj filmy z playlisty do skrzynki,Playlist Videos zur Inbox hinzufügen,Add Playlist Videos to Inbox,,,,,
addAsVideosToQueue,Dodaj playlistę do kolejki,Playlist oben in die Queue,Queue Playlist Next,Suivant dans la liste,,,,
addBookmark,Dodaj do zakładek,Speichern,Bookmark,,,,,
addSubscription,Dodaj subskrypcję,Abo Hinzufügen,Add Subscription,,,,,
addSubscription ${youtubeUrl},Subskrybuj ${youtubeUrl},${youtubeUrl} abonnieren,Subscribe to ${youtubeUrl},,,,,
addSubscriptionButtonTip,Dodaj kanał do Unwatched,Kanal zu Unwatched hinzufügen,Add Channel to Unwatched,,,,,
addSubscriptionButtonTipMessage,"Zawsze używaj tego przycisku, aby dodać kanał do tej aplikacji. Przycisk ""subskrybuj"" na YouTube działa tylko na stronie/aplikacji YouTube.","Verwende diesen Button um den Channel zu Unwatched hinzuzufügen. Der YouTube ""abonnieren""-Button betrifft ausschließlich die YouTube Webseite/App.","Always use this button to add a channel to this App. The YouTube ""subscribe"" button only works for the YouTube website/App.",,,,,
addSubscriptionDescription,Dodaje subskrypcję w Niewidzianych dla kanału YouTube pod podanym adresem URL kanału lub playlisty.,Abonniert den YouTube Kanal/Playlist in Unwatched der unter der gegebenen URL.,Adds a subscription in Unwatched for the YouTube channel at the given channel or playlist URL.,,,,,
addSubscriptionTip,Odwiedź dowolną stronę kanału,Besuche eine beliebige Kanalseite,Visit Any Channel Page,,,,,
addSubscriptionTipMessage,"Na wszystkich stronach kanałów pojawi się tutaj przycisk 'Dodaj kanał'. Użyj go, aby dodać kanał do Unwatched.","Auf allen Kanalseiten erscheint hier eine 'Kanal hinzufügen'-Button. Verwende ihn, um den Kanal zu Unbeobachtet hinzuzufügen.","On all channel pages, an 'Add Channel'-Button will appear here. Use it to add the channel to Unwatched.",,,,,
addToInbox,Dodaj do skrzynki,Zur Inbox hinzufügen,Add to Inbox,,,,,
addToInboxShort,Skrzynka,Inbox,Inbox,,,,,
addVideos,Dodaj filmy ręcznie,Videos manuell hinzufügen,Add Videos Manually,,,,,
addVideosTip,Dodaj filmy ręcznie,Videos manuell hinzufügen,Add Videos Manually,,,,,
addVideosTipMessage,Wprowadź tutaj bezpośrednio adres URL filmu (lub kanału) YouTube lub skonfiguruj i użyj akcji udostępniania (można to również zrobić w Ustawieniach).,Gib hier eine YouTube-Video-URL ein oder setze das Share Sheet auf (auch über die Einstellungen möglich).,"Enter a YouTube video (or channel) URL here directly, or by setting up and using the share sheet action (can also be done in Settings).",,,,,
addYoutubeUrl,Dodaj URL YouTube,YouTube URL hinzufügen,Add YouTube URL,Ajouter un lien YouTube,,,,
addYoutubeUrl ${youtubeUrl},Dodaj film z ${youtubeUrl},Video ${youtubeUrl} hinzufügen,Add video from ${youtubeUrl},,,,,
addYoutubeUrlDescription,Dodaje film na szczyt kolejki,Fügt das Video als nächstes Video auf die Warteschlange/Queue,Adds the video to the top of the Queue,,,,,
addedVideo,Pomyślnie dodano do kolejki,Video erfolgreich gequeued,Queued Successfully,,,,,
addingVideo,Dodawanie filmu do kolejki…,Zur Queue hinzufügen...,Queueing Video…,,,,,
airplayHDOff,AirPlay HD,AirPlay HD,AirPlay HD,,,,,
airplayHDOn,AirPlay HD włączony,AirPlay HD aktiviert,AirPlay HD enabled,,,,,
allVideos,Wszystkie filmy,Alle Videos,All Videos,,,,,
allowRefreshDuringSync,Włącz odświeżanie podczas synchronizacji,Neuladen während Synchronisation,Enable Refresh During Sync,,,,,
allowRefreshDuringSyncFooter,Odświeżanie podczas synchronizacji może prowadzić do zduplikowania filmów. Duplikaty powinny zniknąć po zakończeniu synchronizacji.,Ein Aktualisieren während der Synchronisierung kann zu Duplikaten führen. Diese sollten nach der Synchronisierung automatisch entfernt werden.,Refreshing while the device is syncing may lead to duplicate videos. They should be automatically cleaned up after the sync is done.,,,,,
app,Aplikacja,App,App,,,,,
appColor,Kolor aplikacji,App Farbe,App Color,,,,,
appearance,Wygląd,Erscheinungsbild,Appearance,,,,,
asyncListHistoryCheck,Asynchroniczne sprawdzanie historii list,Async List Historie vergleichen,Async List History Check,,,,,
autoAirplayHD,Automatycznie włącz AirPlay HD,AirPlay HD automatisch aktivieren,Automatically turn on AirPlay HD,,,,,
autoAirplayHDHelper,"AirPlay HD próbuje poprawić jakość wideo przesyłanego przez AirPlay, ale może wpływać na tryb pełnoekranowy i inne funkcje.

Tryb AirPlay HD włączy się automatycznie po wybraniu urządzenia AirPlay (w tym głośników) przez przycisk AirPlay w odtwarzaczu. Nie dotyczy centrum sterowania.","AirPlay HD versucht die AirPlay-Videoqualität zu verbessern, kann aber Vollbild und andere Funktionen beeinträchtigen.

AirPlay HD aktiviert sich automatisch, wenn ein AirPlay-Gerät (inkl. Lautsprecher) über den AirPlay-Button im Player ausgewählt wird. Gilt nicht für das Kontrollzentrum.","AirPlay HD attempts to enhance AirPlay video quality, but may affect fullscreen and other features.

AirPlay HD mode will automatically turn on whenever an AirPlay destination (including speakers) is selected via the player’s AirPlay button. Does not apply to control center.",,,,,
autoAirplayHDHelperShort,"Próby poprawy jakości wideo AirPlay, ale może wpływać na tryb pełnoekranowy i inne funkcje.","Mögliche Verbesserung der AirPlay-Videoqualität, kann aber Vollbild und andere Funktionen beeinträchtigen.","Attempts to enhance AirPlay video quality, but may affect fullscreen and other features.",,,,,
autoDeleteBackups,Automatyczne usuwanie kopii zapasowych,Backups automatisch löschen,Auto Delete Backups,,,,,
autoDeleteBackupsNow,Usuń automatyczne kopie zapasowe,Backups jetzt automatisch löschen,Auto Delete Backups Now,,,,,
autoDeleteHelper,Automatyczne usuwanie zachowa: - Wszystkie ręczne kopie zapasowe - Wszystkie kopie zapasowe z ostatniego tygodnia - Jedną kopię zapasową na tydzień z ostatnich 6 miesięcy - Jedną kopię zapasową na miesiąc po tym okresie,"Die automatische Löschung behält:
- Alle manuellen Backups
- Alle Backups der letzten Woche
- Ein Backup pro Woche in den letzten 6 Monaten
- Ein Backup pro Monat danach",Auto delete will keep: - All manual backups - All backups within the last week - One backup per week within the last 6 months - One backup per month after that,,,,,
autoDeletedCount: %lld,Usunięte kopie zapasowe: %lld,Gelöschte Backups: %lld,Deleted Backups: %lld,,,,,
autoRefresh,Automatyczne odświeżanie,Automatisch aktualisieren,Automatically Refresh,,,,,
automaticBackups,Automatyczne kopie zapasowe,Automatische Backups,Automatic Backups,,,,,
automaticBackupsHelper,"Unwatched będzie automatycznie zapisywać codzienne podsumowanie Twoich danych w iCloud Drive każdego dnia, gdy otworzysz aplikację.",Unwatched speichert automatisch deine Video Daten in iCloud Drive an jedem Tag an dem du die App öffnest.,Unwatched will automatically store a daily snapshot of your user data to iCloud Drive every day you open the app.,,,,,
backupNow,Kopia zapasowa do iCloud Drive,Backup auf iCloud Drive,Backup to iCloud Drive,,,,,
backupToIcloud,Utwórz kopię zapasową w iCloud Drive,iCloud Drive Backup,Back Up To iCloud Drive,,,,,
blackWhite,Czarny/Biały,Schwarz/Weiß,Black/White,,,,,
blockingAdsFaqA,"Reklamy nie są wyświetlane z przyczyn technicznych; Unwatched nie blokuje ich aktywnie.  Jeśli chcesz wesprzeć swoje kanały, rozważ użycie Patreon lub YouTube Premium.","Werbungen tauchen aus technischen Gründen nicht auf; Unwatched unternimmt nichts sie zu blockieren.   Um die Kanäle zu unterstützen, kann Patreon oder YouTube Premium genutzt werden.","Ads aren’t showing up due to technical reasons; Unwatched isn’t actively blocking them.  If you’d like to support your channels, consider using Patreon or YouTube Premium.",,,,,
blockingAdsFaqQ,Czy reklamy YouTube są blokowane? Chcę wspierać twórców.,Wird YouTube-Werbung blockiert? Ich möchte Creator unterstützen.,Are YouTube ads being blocked? I want to support creators.,,,,,
blockingAdsFaqT,Blokowanie reklam,Werbung Blockieren,Blocking Ads,,,,,
blue,Niebieski,Blau,Blue,,,,,
bookmarkedVideos,Zakładki,Gespeichert,Bookmarks,,,,,
browser,Szukaj na YouTube,YouTube Browser,Search YouTube,,,,,
browserAsTab,Pokaż przeglądarkę YouTube na pasku nawigacji,YouTube Browser in Tab Bar zeigen,Show YouTube Browser in Tab bar,,,,,
browserShort,YouTube,YouTube,YouTube,,,,,
cancel,Anuluj,Abbrechen,Cancel,,,,,
categoryFiller,Wypełniacz,Filler,Filler,,,,,
categoryInteraction,Interakcja,Interaktion,Interaction,,,,,
categoryIntro,Wstęp,Intro,Intro,,,,,
categoryMusicOfftopic,Muzyka offtopic,Musik offtopic,Music offtopic,,,,,
categoryOutro,Zakończenie,Outro,Outro,,,,,
categoryPreview,Podgląd,Preview,Preview,,,,,
categorySelfpromo,[Autopromocja],[Eigen Werbung],[Self promotion],,,,,
categorySponsor,[Reklama],[Sponsor],[Sponsor],,,,,
channelTitle,Tytuł kanału,Kanal Name,Channel Title,,,,,
chapterDescription,Opis filmu,Videobeschreibung,Video Description,,,,,
chapterFilter,Rozdziały,Kapitel,Chapters,,,,,
chapterFilterFooter,"Ustawia rozdziały zawierające dowolne z podanych słów kluczowych jako nieaktywne, gdy film zostanie załadowany do odtwarzacza. Użyj "","" do oddzielenia wielu słów kluczowych.","Setzt Kapitel, die eines der Schlüsselwörter enthalten, beim Laden des Videos auf inaktiv. Verwende "","" um mehrere Schlüsselwörter zu trennen.","Sets chapters that include any of the keywords to inactive when the video is loaded into the player. Use “,” to separate multiple keywords.",,,,,
chapterOff,Rozdział wyłączony,Kapitel Aus,Chapter Off,,,,,
chapterOn,Rozdział włączony,Kapitel An,Chapter On,,,,,
chapters,Rozdziały,Chapter,Chapters,,,,,
clear,Wyczyść,Entfernen,Clear,,,,,
clearAbove,Wyczyść powyżej,Alles darüber entfernen,Clear Above,,,,,
clearAction,Wyczyść ze skrzynki,Aus Inbox entfernen,Clear from Inbox,,,,,
clearActionQueue,Wyczyść z kolejki,Aus Queue entfernen,Clear from Queue,,,,,
clearAll,Wyczyść wszystko,Alles entfernen,Clear All,,,,,
clearAllVideos,Wyczyść wszystkie filmy,Alle Videos entfernen,Clear all Videos,,,,,
clearBelow,Wyczyść poniżej,Alles darunter entfernen,Clear Below,,,,,
clearText,Wyczyść tekst,Text löschen,Clear Text,,,,,
clearVideo,Wyczyść,Entfernen,Clear,,,,,
clearedInboxDate,Ostatnio wyczyszczone ze skrzynki,Zuletzt aus der Inbox entfernt,Last Cleared from Inbox,,,,,
close,Zamknij,Schließen,Close,,,,,
compactList,Kompaktowy,Kompakt,Compact,,,,,
confirm,Potwierdź,Bestätigen,Confirm,,,,,
confirmAutoDeleteBackup,Usunąć automatyczne kopie zapasowe?,Backups automatisch löschen?,Auto Delete Backups?,,,,,
confirmClearAll,Potwierdź wyczyszczenie wszystkiego,Alles entfernen Bestätigen,Confirm Clear All,,,,,
confirmDeleteEverything,Czy na pewno usunąć wszystko?,Wirklich alles löschen?,Really Delete Everything?,,,,,
confirmDeleteEverythingMessage,"Tej operacji nie można cofnąć. Możesz utworzyć kopię zapasową, jeśli chcesz przywrócić dane w przyszłości.","Dies kann nicht rückgängig gemacht werden. Erstelle ein Backup, falls du die Daten in der Zukunft wiederherstellen möchtest.",This cannot be undone. You can create a backup if you wish to restore the data in the future.,,,,,
considerGettingYoutubePremium,"Proszę rozważ zakup [YouTube Premium](https://www.youtube.com/premium), aby wesprzeć twórców.","Bitte abonniere  [YouTube Premium](https://www.youtube.com/premium), um YouTube Kanäle zu unterstützen",Please consider getting [YouTube Premium](https://www.youtube.com/premium) to support creators,,,,,
contactUs,E-mail,Email,Email,,,,,
continuousPlayOff,Włącz ciągłe odtwarzanie,Fortlaufende Wiedergabe aktivieren,Enable Continuous Play,,,,,
continuousPlayOn,Ciągłe odtwarzanie włączone,Fortlaufende Wiedergabe aktiv,Continuous Play Enabled,,,,,
controls,Sterowanie odtwarzaczem,Player Controls,Player Controls,,,,,
copyAnswer,Kopiuj odpowiedź,Antwort kopieren,Copy Answer,,,,,
copyUrl,Kopiuj URL,URL kopieren,Copy URL,,,,,
createdDate,Data dodania,Datum hinzugefügt,Added Date,,,,,
customSpeedSetting,Niestandardowe dla kanału,Benutzerdefinierte für Kanal,Custom for Channel,,,,,
darkGreen,Ciemno zielony,Dunkelgrün,Dark Green,,,,,
darkMode,Tryb ciemny,Dunkel,Dark Mode,,,,,
darkModeCurrent,Tryb ciemny (Aktywny),Dunkel (Aktiv),Dark Mode (Active),,,,,
debug,Debugowanie,Debugging,Debug,,,,,
debugNoNewVideos,Debugowanie: Brak nowych filmów,Debug: Keine Neuen Videos,Debug: No New Videos,,,,,
debugNoNewVideosSubtitle,Wyłącz to w Biblioteka → Ustawienia → Debugowanie,Deaktiviere diese Nachricht in Bibliothek → Einstellungen → Debug,Turn this off under Library → Settings → Debug,,,,,
defaultShortsSetting %@,Domyślne (%@),Standard (%@),Default (%@),,,,,
defaultSpeed%@,Domyślne (%@×),Standard (%@×),Default (%@×),,,,,
defaultVideoPlacement %@,Domyślne (%@),Standard (%@),Default (%@),,,,,
deferDateHelper,Odroczone filmy pojawią się ponownie w określonym dniu w Skrzynce lub Kolejce zgodnie z ustawieniami subskrypcji.,"Videos mit Aufschubdatum erscheinen zum festgelegten Datum entweder in der Inbox oder in der Queue, je nach Kanal-Einstellungen.",Deferred videos will re-appear at the specified date in either Inbox or Queue per subscription settings.,,,,,
deferVideo,Data odroczenia,Aufschubdatum,Defer Date,,,,,
delete,Usuń,Löschen,Delete,,,,,
deleteEverything,Usuń wszystko,Alles Löschen,Delete Everything,,,,,
deleteImageCache,Usuń cache obrazów,Bild-Cache Löschen,Delete Image Cache,,,,,
deselectAll,Odznacz wszystkie,Alles abwählen,Deselect All,,,,,
disableCaptions,Wyłącz napisy,Untertitel deaktivieren,Disable Captions,,,,,
dismiss,Odrzuć,Schließen,Dismiss,,,,,
doNothing,Nie rób nic,Nichts tun,Do Nothing,,,,,
doNothingShort,Nic,Nichts,Nothing,,,,,
dropSubscriptionHelper,"Upuść tutaj adresy URL kanałów/RSS lub użyj przeglądarki powyżej, aby wyszukać kanały.",Ziehe RSS-Feeds/Kanal-URLs hierher oder benutze den Browser um nach Kanälen zu suchen.,Drop RSS feed/channel URLs here or use the Browser above to search for channels.,,,,,
dropToAddVideo,Zostanie dodane do Twojej kolejki,Es wird zur Queue hinzugefügt werden,It will be added to your Queue,,,,,
dropVideoHere,Upuść film,Video hier ablegen,Drop Video,,,,,
dropVideoToQueue,Upuść film do kolejki,Video ablegen zur Queue,Drop Video to Queue,,,,,
dropVideoUrlsHere,Dodaj filmy do kolejki,Video zur Warteschlange hinzufügen,Add Videos To Queue,,,,,
dropVideosTip,Przeciągnij i upuść filmy tutaj,Drag & drop Videos hier,Drag & drop videos here,,,,,
duplicatesFaqA,"Gdy synchronizacja iCloud jest włączona, duplikaty mogą się pojawiać, ale powinny zniknąć po odświeżeniu.

Jeśli nadal są widoczne, przytrzymaj przycisk odświeżania i wybierz “Przeładuj i usuń duplikaty“. Jeśli problem nie zniknie, daj mi znać.","Duplikate können bei aktivem iCloud-Sync nicht verhindert werden, sollten aber automatisch nach der Aktualisierung entfernt werden.

Falls nicht, drücke lange auf den „Neu laden“-Button und wähle „Neu laden & deduplizieren“. Sind danach immer noch Duplikate vorhanden, bitte Bescheid geben.","If iCloud sync is enabled, duplicates can’t currently be avoided. However, they should automatically clean up after refresh.

If still visible, long press the refresh button and select “Reload & Dedupe.” If they remain, please let me know.",,,,,
duplicatesFaqQ,Dlaczego występują zduplikowane filmy/subskrypcje?,Warum gibt es doppelte Video/Abos?,Why are there duplicate videos/subscriptions?,,,,,
duplicatesFaqT,Duplikaty,Duplikate,Duplicates,,,,,
durationMissingFaqA,"Kanały RSS YouTube nie zawierają długości filmów. Gdy film zostanie załadowany w odtwarzaczu, pojawi się jego długość.

W przypadku filmów z rozdziałami, czas rozpoczęcia ostatniego rozdziału jest używany jako przybliżona długość, wyświetlana jako minimalny czas ""+"".","YouTube-RSS-Feeds enthalten keine Video-Dauern. Sobald das Video im Player geladen ist, wird die Dauer angezeigt.

Bei Videos mit Kapiteln wird die Startzeit des letzten Kapitels als ungefähre Dauer verwendet und als minimale ""+""-Zeit angezeigt.","YouTube RSS feeds don't include video durations. Once the video loads in the player, the duration will appear.

For videos with chapters, the start time of the last chapter is used as an approximate duration, shown as the minimum ""+"" time.",,,,,
durationMissingFaqQ,"Dlaczego brakuje długości niektórych filmów? Co oznacza ""+""?","Warum fehlt die Dauer bei einigen Videos? Was bedeutet ""+""?","Why is the duration missing on some videos? What does ""+"" mean?",,,,,
durationMissingFaqT,Brakująca długość filmu,Fehlende Dauer,Missing Duration,,,,,
emailAndFaq,E-mail i FAQ,Email & FAQ,Email & FAQ,,,,,
emptyYoutubeId,Nie można odczytać YoutubeId z URL,YouTube ID in URL nicht gefunden,Couldn't parse YoutubeId from URL,,,,,
enableQueueContextMenu,Włącz menu kontekstowe,Kontextmenü aktivieren,Enable Context Menu,,,,,
enableYtWatchHistory,Historia filmów na YouTube,YouTube Wiedergabeverlauf,YouTube Watch History,,,,,
enableYtWatchHistoryHelper,"Upewnij się, że jesteś zalogowany na swoje konto w przeglądarce w aplikacji.",Erfordert angemeldeten YouTube Account im in-App Browser.,Make sure you're signed into your account in the in-app browser.,,,,,
enterPip,Włącz Pip,Pip aktivieren,Enable Pip,,,,,
enterUrls,"URL kanału, filmu lub playlisty","Feed, Video oder Playlist URL","Feed, Video, or Playlist URL",,,,,
errorImporting,Niektóre subskrypcje nie mogły zostać zaimportowane,Manche Abos konnten nicht importiert werden,Some subscriptions couldn't be imported,,,,,
errorImportingMessageChannelUrl,"Jeśli wprowadziłeś adres URL kanału YouTube, spróbuj dodać bezpośrednio kanał RSS.","Falls du eine YouTube Kanal-URL eingegeben hast, versuche den RSS feed direkt einzugeben.","If you entered a YouTube channel URL, try adding the RSS feed directly.",,,,,
errorImportingMessageCsv,Kanały mogą już nie istnieć lub nie dostarczać kanału RSS.,Diese Kanäle existieren eventuell nicht mehr oder stellen keinen RSS Feed zur Verfügung.,The channels may no longer exist or don't provide an RSS feed.,,,,,
errorImportingTryBrowser,Możesz spróbować wyszukać brakujący kanał za pomocą przeglądarki w aplikacji (Biblioteka → Przeglądarka),Du kannst versuchen die fehlenden Abos über den in-app Browser zu suchen (Bibliothek → Browser),You can try to search for the missing channel via the in-app Browser (Library → Browser),,,,,
errorOccured,Wystąpił błąd,Ein Fehler ist aufgetreten,Error occurred,,,,,
exitFullscreen,Wyjdź z pełnego ekranu,Vollbild aus,Exit Fullscreen,,,,,
exitPip,Wyłącz Pip,Pip deaktivieren,Disable Pip,,,,,
exludeWatchHistoryInBackup,Nie twórz kopii zapasowej wszystkich obejrzanych filmów,Nicht alle gesehenen Videos behalten,Don't Backup all Watched Videos,,,,,
expansiveList,Rozszerzony,Erweitert,Expansive,,,,,
exportBackup,Eksportuj kopię zapasową,Backup exportieren,Export Backup,,,,,
exportSubscriptions,Eksportuj kanały RSS subskrypcji,Abo RSS Feeds exportieren,Export Subscription RSS Feeds,,,,,
failed,Niepowodzenie,Fehlgeschlagen,Failed,,,,,
failedGettingChannelIdFromUsername%@,Nie udało się uzyskać ID kanału z nazwy użytkownika %@,Konnte channel ID nicht via Nutzernamen ermitteln: %@,Failed getting channel ID from username %@,,,,,
failedGettingVideoInfo,Nie udało się uzyskać informacji o filmie,Video information konnte nicht geladen werden,Failed to get video info,,,,,
failedToParse,Nie udało się przeanalizować danych,Parsen der Daten fehlgeschlagen,Failed to parse the data,,,,,
filterSettings,Filtr,Filter,Filter,,,,,
frequentlyAskedQuestions,FAQ i sugestie,FAQ & Vorschläge,FAQ & Suggestions,,,,,
fullscreenControls,Przyciski na pełnym ekranie,Vollbild Controls,Fullscreen controls,,,,,
fullscreenControlsAutoHide,Automatyczne ukrywanie,Automatisch ausblenden,Auto hide,,,,,
fullscreenControlsOff,Wyłączone,Aus,Off,,,,,
fullscreenControlsOn,Włączone,An,On,,,,,
fullscreenLeft,Pełny ekran lewy,Vollbild links,Fullscreen Left,,,,,
fullscreenRight,Pełny ekran prawy,Vollbild rechts,Fullscreen Right,,,,,
getCurrentVideo,Pobierz aktualny film,Aktuelles Video,Get Current Video,,,,,
getCurrentVideoDescription,Pobiera aktualnie wybrany film,Lädt Daten zum aktuell ausgewählten Video,Gets the currently selected video,,,,,
googleTakeout,Otwórz Google Takeout,Google Datenexport öffnen,Open Google Takeout,,,,,
green,Zielony,Grün,Green,,,,,
hardReload,Przeładuj i usuń duplikaty,Neu laden & deduplizieren,Reload & Dedupe,,,,,
hideMenuOnPlay,Ukryj menu,Menü minimieren,Hide Menu,,,,,
hidePlayerPageIndicator,Ukryj wskaźnik strony odtwarzacza,Player Seitenanzeige ausblenden,Hide Player Page Indicator,,,,,
hideShorts,Ukryj,Ausblenden,Hide,,,,,
hideShortsTip,Masz dość #shorts?,Genug von #shorts?,Sick of #shorts?,,,,,
hideShortsTipAction,Ukryj #shorts,#shorts ausblenden,Hide #shorts,,,,,
hideShortsTipMessage,"Jeśli chcesz, możesz ukryć wszystkie #shorts od teraz.  Możesz to zmienić w dowolnym momencie w ""Biblioteka → Ustawienia → Filtr""","Wenn erwünscht, können ab sofort alle #shorts ausgeblendet werden.   Unter ""Bibliothek → Einstellungen → Filter"" kann dies rückgängig gemacht werden.","If you wish, you can hide all #shorts from now on.  You can change this at any time under ""Library → Settings → Filter”",,,,,
howToExport2,"• W **Google Takeout**, zaloguj się i odznacz wszystko oprócz **YouTube i YouTube Music**
• Kliknij **Wybrałeś wszystkie dane z YouTube** i wybierz tylko **subskrypcje**
• Wybierz **Następny krok**, a następnie w **Częstotliwość** wybierz **Eksportuj raz**
• Kliknij **Utwórz eksport**
• Otrzymasz e-mail z linkiem do swoich danych, kliknij go i pobierz plik","• Melde dich auf der **Google Datenexport** Seite an und de-selektiere alles außer **YouTube und YouTube Music**
• Tippe auf **Alle YouTube-Daten eingeschlossen** und wähle nur **Abos** aus
• Wähle **Nächster Schritt**, dann unter **Häufigkeit** wähle **Einmal exportieren**
• Tippe auf **Export erstellen**
• Du erhältst eine E-Mail mit einem Link zu deinen Daten. Folge dem Link und lade die Datei herunter","• In **Google Takeout**, login & deselect everything except for **YouTube and YouTube Music**
• Tap on **All YouTube data included** and only select **subscriptions**
• Choose **Next step**, then under **Frequency** select **Export once**
• Tap on **Create export**
• You will receive an email with a link to your data, follow it and download the file",,,,,
howToExportTitle,Eksportuj subskrypcje YouTube,YouTube Abos Exportieren,Export YouTube Subscriptions,,,,,
howToImport1,Kliknij **Wybierz plik** poniżej i przejdź do pobranego pliku **takeout[...].zip**:,Tippe unten auf **Datei auswählen** und navigiere zu der heruntergeladenen takeout[...].zip Datei:,Tap on **Select File** below and navigate to the downloaded **takeout[...].zip** file:,,,,,
howToImport2,"• Kliknij plik, aby go wypakować
• Przejdź do **Folder Takeout → YouTube i YouTube Music → subscriptions**
• Wybierz **subscriptions.csv**","• Tippe auf die Datei, um sie zu extrahieren
• Navigiere in den **Takeout-Ordner → YouTube und YouTube Music → Abos**
• Wähle **Abos.csv** aus","• Tap the file to extract it
• Navigate into **Takeout folder → YouTube and YouTube Music → subscriptions**
• Select **subscriptions.csv**",,,,,
howToImportTitle,Importuj do Unwatched,Zu Unwatched importieren,Import Into Unwatched,,,,,
icloudSync,Synchronizacja iCloud,iCloud Sync,iCloud Sync,,,,,
icloudSyncHelper,"Zrób kopię zapasową przed włączeniem tej opcji. Aby zmiany zadziałały, uruchom aplikację ponownie.","Bitte stelle Sicher, dass ein Backup existiert. Ein Neustart der App ist erforderlich, damit die Änderungen wirksam werden.",Make sure to backup everything before enabling this. Requires app restart to take effect.,,,,,
importAddSubscriptions,Dodaj subskrypcje,Abos hinzufügen,Add Subscriptions,,,,,
importBackup,Importuj kopię zapasową,Backup importieren,Import Backup,,,,,
importFromYoutube,Importuj subskrypcje z YouTube,YouTube Abos importieren,Import YouTube Subscriptions,,,,,
importReplaceSubscriptions,Zastąp istniejące subskrypcje,Bestehende Abos ersetzen,Replace Existing Subscriptions,,,,,
importSubscriptions,Importuj subskrypcje,Abos importieren,Import Subscriptions,,,,,
importSubscriptions ^[%lld subscription](inflect: true),Importuj ^[%lld subskrypcję](inflect: true),^[%lld Abo](inflect: true) Importieren,Import ^[%lld subscription](inflect: true),,,,,
importing %lld subscriptions,Importowanie %lld subskrypcji,importiere %lld Abos,Importing %lld subscriptions,,,,,
inbox,Skrzynka,Inbox,Inbox,,,,,
invalidUrl,Nieprawidłowy URL,Ungültige URL,Invalid URL,,,,,
latestUnwatchedBackups,Najnowsze kopie zapasowe Unwatched,Letzte Unwatched Backups,Latest Unwatched Backups,,,,,
library,Biblioteka,Bibliothek,Library,,,,,
lightAppIcon,Jasna wersja ikony aplikacji,Helle Icon Alternative,Light App Icon Alternative,,,,,
lightMode,Tryb jasny,Hell,Light Mode,,,,,
lightModeCurrent,Tryb jasny (Aktywny),Hell (Aktiv),Light Mode (Active),,,,,
likeSubscribeVideoFaqA,W odtwarzaczu kliknij przycisk “…” a następnie “Zobacz na YouTube”. Stamtąd możesz zalogować się i polubić/subskrybować.,"Im Player den “…”-Button antippen, dann “Auf YouTube ansehen” auswählen. Von dort aus kann man sich anmelden, liken und abonniert.","In the player, tap on the “…”-button and then “View on YouTube”. From there, you can sign in and like/subscribe.",,,,,
likeSubscribeVideoFaqQ,Jak mogę polubić filmy lub subskrybować kanały na YouTube?,Wie kann ich Videos liken oder Kanälen auf YouTube folgen?,How can I like videos or subscribe to channels on YouTube?,,,,,
likeSubscribeVideoFaqT,Polub i subskrybuj na YouTube,Liken & Abonnieren,Like & Subscribe on YouTube,,,,,
loopVideo,Zapętl film,Wiederholen,Loop Video,,,,,
loopVideoEnabled,Zapętlanie filmu włączone,Wiederholen aktiv,Loop Video Enabled,,,,,
macOsFaqA,"Jeśli używasz Maca z procesorem Apple Silicon, możesz już korzystać z wersji na iPad. Daj mi znać, jeśli napotkasz jakieś problemy.  Jeśli chodzi o natywną wersję na macOS: Jestem jednoosobowym zespołem, a ta aplikacja to projekt poboczny, nad którym pracuję w wolnym czasie. Chcę skupić się na platformach, które obecnie wspieram, zanim zacznę eksplorować nowe.","Auf Apple Silicone Macs ist Unwatched bereits als iPad Version verfügbar. Falls es Probleme geben sollte, gib mir bitte Bescheid.  Bezüglich einer nativen macOS Version: Unwatched ist ein Nebenprojekt an dem ich in meiner freien Zeit arbeite. Für den Moment fokussiere ich mich auf die bestehenden Plattformen. Ich werde weitere Plattformen in der Zukunft in Betracht ziehen.","If you’re using an Apple Silicone Mac, you can already use the iPad version. Please let me know, if you’re running into any issues there.  Regarding a native macOS version: I'm a one-person team, and this app is a side project I work on during my free time. I want to focus on the platforms I'm currently supporting before exploring new ones.",,,,,
macOsFaqQ,Czy Unwatched będzie dostępny na macOS?,Wird es eine macOS Version von Unwatched geben?,Will Unwatched be available on macOS?,,,,,
macOsFaqT,Wsparcie dla macOS,macOS Support,macOS Support,,,,,
manualBackup,Ręcznie,Manuell,Manual,,,,,
markUnwatched,Usuń obejrzane,Gesehen entfernen,Remove Watched,,,,,
markWatched,Oznacz jako obejrzane,Gesehen,Mark Watched,,,,,
minimalBackups,Wyklucz nieistotne filmy,Unwichtige Videos ignorieren,Exclude unimportant videos,,,,,
minimalBackupsHelper,"""Nieistotne"" to filmy, które nie zostały obejrzane, nie są w kolejce ani w skrzynce i są starsze niż tydzień. Najlepiej pozostawić to włączone, ponieważ pliki kopii zapasowych będą prawdopodobnie znacznie mniejsze.","""Unwichtig"" sind Videos, die nicht angesehen wurden, nicht in der Warteschlange oder im Posteingang sind und älter als eine Woche sind. Es ist am besten, dies eingeschaltet zu lassen, da die Backup-Dateien wahrscheinlich viel kleiner sein werden.","""Unimportant"" are videos that haven't been watched, are not in the queue or inbox and are older than one week. It is best to leave this on, as the backup files will likely be much smaller.",,,,,
mint,Miętowy,Minze,Mint,,,,,
monitorBackgroundFetches,Śledź pobieranie w tle,Hintergrundaktualisierungen,Monitor Background Fetches,,,,,
moreOptions,Więcej,Mehr,More,,,,,
morePlaylistsFaqA,"Unwatched to po prostu kolejka z odtwarzaczem. Jeśli szukasz bardziej wszechstronnej aplikacji, rozważ użycie [Play: Save Videos Watch Later](https://apps.apple.com/app/id1596506190). Prawdopodobnie zrobi wszystko, czego potrzebujesz, a nawet więcej!",Unwatched ist als einzelne Warteschlange mit einem Player konzipiert. Für eine umfassendere Organisation ist [Play: Save Videos Watch Later](https://apps.apple.com/app/id1596506190) die bessere Wahl. Diese App erfüllt wahrscheinlich alle gewünschten Funktionen und mehr!,"Unwatched is designed as a single queue with a player. For a more comprehensive organizer, consider using [Play: Save Videos Watch Later](https://apps.apple.com/app/id1596506190). It'll most like do everything you want and more!",,,,,
morePlaylistsFaqQ,Czy będzie dostępne wiele playlist lub system tagów?,Wird es mehrere Playlists oder ein Tagging-System geben?,Will there be multiple playlists or a tagging system?,,,,,
morePlaylistsFaqT,Playlisty i tagi,Playlisten & Tags,Playlists & Tags,,,,,
mostRecentVideo,Najnowszy film,Aktuellstes Video,Most Recent Video,,,,,
moveToInbox,Przenieś do skrzynki,Zur Inbox bewegen,Move to Inbox,,,,,
newVideos,Nowe filmy,Neue Videos,New Videos,,,,,
nextChapter,Następny rozdział,Nächstes Kapitel,Next Chapter,,,,,
nextVideo,Następny film,Nächstes Video,Next Video,,,,,
noBookmarkedVideosYet,Brak zapisanych filmów,Keine gespeicherten Videos,No Bookmarked Videos,,,,,
noBookmarkedVideosYetDescription,Zapisane filmy pojawią się tutaj,Gespeicherte videos werden hier angezeigt,Bookmarked videos will show up here,,,,,
noHistoryItems,Brak obejrzanych filmów,Nichts angesehen,Nothing Watched,,,,,
noHistoryItemsDescription,Filmy oznaczone jako obejrzane pojawią się tutaj,Gespeicherte Videos erscheinen hier,Videos marked as watched will appear here,,,,,
noIcloudBackupWarning,iCloud Drive jest niedostępny,iCloud Drive nicht verfügbar,iCloud Drive is unavailable,,,,,
noInboxItems,Skrzynka jest pusta,Inbox leer,Empty Inbox,,,,,
noInboxItemsDescription,"Nowe filmy pojawią się tutaj.
Wybierz to, co ci się podoba, resztę odrzuć.","Neue Videos tauchen hier auf. Nimm was dir gefällt, entferne den Rest.","New videos will show up here.
Grab what you like, discard the rest.",,,,,
noInfoFoundToSubscribeTo,Nie znaleziono informacji do subskrypcji,Keine Information zum abonnieren gefunden,No info found to subscribe,,,,,
noInfoFoundToUnsibscribe,Nie znaleziono informacji do anulowania subskrypcji,Keine Information gefunden um das Abo zu beenden,No info found to unsubscribe,,,,,
noQueueItems,Kolejka jest pusta,Leere Queue,Empty Queue,,,,,
noQueueItemsDescription,Dodaj filmy ręcznie lub dodając subskrypcje.,Füge Videos manuell hinzu oder automatisch durch Abos.,Add videos manually or by adding subscriptions.,,,,,
noSideloadedSubscriptions,Brak filmów z niezasubskrybowanych kanałów,Keine Videos ohne Abo,No Unsubscribed Videos,,,,,
noSideloadedSubscriptionsDetail,"Filmy z kanałów, które nie są zasubskrybowane, pojawią się tutaj",Videos von Kanälen denen du nicht folgst tauchen hier auf,Videos of channels you haven't subscribed to will show up here,,,,,
noVideoFound,Nie znaleziono filmu,Kein Video gefunden,No Video found,,,,,
noVideoInfo,Nie znaleziono informacji o filmie,Keine Video Infos gefunden,No Video info found,,,,,
noVideoUrl,Nie znaleziono URL filmu,Keine Video URL gefunden,No Video URL found,,,,,
noVideosFoundInPlaylist,Playlista nie zawierała żadnych filmów,Playlist enthält keine Videos,Playlist didn't contain any videos,,,,,
noVideosYet,Nie znaleziono filmów,Keine Videos Gefunden,No Videos Found,,,,,
noVideosYetDescription,"Wszystkie dostępne filmy zostaną wyświetlone tutaj, w tym dodane ręcznie i filmy ze wszystkich subskrypcji.","Alle verfügbaren Videos werden hier angezeigt, einschließlich manuell hinzugefügter Videos und Videos aus allen Abos.","All available videos will be shown here, including manually added ones and videos from all subscriptions.",,,,,
noYoutubeIdFound,Nie znaleziono ID filmu YouTube,Keine YouTube Video ID gefunden,No YouTube video ID found,,,,,
noYoutubePlaylistId,Nie znaleziono ID playlisty YouTube,Keine YouTube Playlist ID gefunden,No YouTube playlist ID found,,,,,
notSupported,URL nie jest obsługiwany,URL wird nicht unterstützt,The URL is not supported,,,,,
notifications,Powiadomienia,Benachrichtigungen,Notifications,,,,,
notificationsDisabledHelper,"Powiadomienia dla Unwatched zostały wyłączone. Jeśli chcesz otrzymywać powiadomienia, musisz je najpierw włączyć w Ustawieniach.","Benachrichtigungen sind für Unwatched deaktiviert. Aktiviere sie zuerst in den Einstellungen, falls du sie erhalten möchtest.","Notifications have been disabled for Unwatched. If you wish to receive notifications, you need to enable them in Settings first.",,,,,
notificationsHelper,"Informacje o nowych filmach będą aktualizowane w tle i wywołają powiadomienia, ale nie będzie to natychmiastowe.",Neue Videos werden im Hintergrund lokal geladen und lösen eine Benachrichtigung aus.,New videos will be fetched in the background on device and trigger a notification. This will not be instant.,,,,,
onPlaySettings,Podczas odtwarzania,Beim Abspielen,On Play,,,,,
openInAppBrowser,Zobacz na YouTube,Auf YouTube anzeigen,View on YouTube,,,,,
orange,Pomarańczowy,Orange,Orange,,,,,
overlayStuckFaqA,"Kliknij przycisk ""…"" i wybierz ""Przeładuj odtwarzacz"", aby rozwiązać problem. Możesz też włączyć natywny tryb pełnoekranowy iOS, który można ustawić na automatyczne włączanie w Ustawieniach.

Ten problem występuje, gdy odtwarzacz wykryje ""dotknięcie bez zwolnienia"" (np. przesunięcie palcem do ekranu głównego, gdy palec znajduje się nad filmem). Niestety, to problem po stronie YouTube, którego nie mogę naprawić.","Auf den “…”-Button tippen und „Player neu laden“ wählen sollte das Problem beheben. Alternativ kann der native iOS-Vollbildmodus aktiviert werden, oder in den Einstellungen automatisch eingeschaltet werden.

Dies tritt auf, wenn der Player ein „Touch Down“ ohne „Touch Up“ erkennt (z. B. beim Hochwischen zum Home-Bildschirm, während das Video berührt wird). Leider ist dies ein Problem von YouTube, das ich nicht beheben kann.","Tap the “…”-Button and select “Reload Player” to resolve the issue. You can also enable native iOS fullscreen, which can be set to turn on automatically in Settings.

This issue occurs when the player detects a ""touch down"" without a corresponding ""touch up"" (e.g., swiping up to return to the home screen when the swipe happens over the video). Unfortunately, this is a YouTube issue I cannot resolve.",,,,,
overlayStuckFaqQ,Sterowanie odtwarzacza YouTube jest zablokowane i nie znika.,Das YouTube Overlay (play button etc.) verschwindet nicht mehr von alleine.,YouTube’s player controls are stuck and don’t disappear.,,,,,
overlayStuckFaqT,Nakładka YouTube nie znika,YouTube Overlay immer Sichtbar,YouTube Overlays Stuck,,,,,
paste,Wklej,Einfügen,Paste,,,,,
pause,Pauza,Pause,Pause,,,,,
pictureInPictureFaqA,"Istnieje kilka sposobów na uruchomienie trybu Picture-in-Picture:
- Kliknij przycisk PiP pod filmem
- Przesuń palcem w dół na odtwarzanym filmie
- Włącz natywny tryb pełnoekranowy iOS, klikając przycisk w prawym dolnym rogu wideo. Następnie kliknij przycisk ""PiP"" lub opuść aplikację, aby kontynuować odtwarzanie.","Es gibt mehrere Möglichkeiten um den Bild-in-Bild Modus zu starten:
- Tippe den Pip-button unterhalb des Videos
- Swipe auf dem Video nach unten
- Starte den nativen iOS-Vollbildmodus indem du auf den Vollbild-Button innerhalb des Videos unten rechts tippst. Von dort aus kann der ""Pip""-Button ausgewählt werden.","There are a few ways to start Picture-in-Picture:
- Tap the Pip-button underneath the video
- Swipe down on a playing video
- Start the native iOS fullscreen by tapping the button on the bottom right inside the video. From there, tap the ""Pip"" button or leave the app to keep the video playing.",,,,,
pictureInPictureFaqQ,Jak mogę kontynuować odtwarzanie w tle za pomocą trybu Picture-in-Picture?,Wie kann die Wiedergabe im Hintergrund via. Picture-in-Picture fortgesetzt werden?,How can I continue playing in the background using Picture-in-Picture mode?,,,,,
pictureInPictureFaqT,Picture-in-Picture i odtwarzanie w tle,Bild-in-Bild & Hintergrund Wiedergabe,Picture-in-Picture & Background Play,,,,,
play,Odtwarzaj,Play,Play,,,,,
playPause,Odtwarzaj/Pauza,Play/Pause,Play/Pause,,,,,
playback,Odtwarzanie,Wiedergabe,Playback,,,,,
playerMenu,Odtwarzacz,Player,Player,,,,,
playerShowsWebsiteFaqA,"Domyślnie odtwarzacz korzysta z wbudowanego odtwarzacza YouTube, ale jeśli kanały wyłączą tę opcję, zamiast niego zostanie wyświetlona strona YouTube.

Wszystkie funkcje sterowania pozostają aktywne, a przycisk pełnego ekranu YouTube pozwala oglądać filmy w trybie pełnoekranowym.","Normalerweise wird YouTubes eingebetteten Player verwendet. Wenn Kanäle diese Funktion deaktivieren, wird stattdessen die YouTube-Website angezeigt.  Alle Steuerungen bleiben funktionsfähig. Der Vollbildmodus unterstützt ebenfalls Picture-in-Picture.","The player usually uses YouTube's embedded player, but if channels disable this feature, the YouTube website will be shown instead.   All controls remain functional, and you can use YouTube's fullscreen button to watch the video in fullscreen.",,,,,
playerShowsWebsiteFaqQ,Dlaczego odtwarzacz filmów pokazuje stronę YouTube?,Warum zeigt der Videoplayer die YouTube-Website an?,Why does the video player show the YouTube website?,,,,,
playerShowsWebsiteFaqT,Strona w odtwarzaczu,Webseite im Player,Website in Player,,,,,
pleaseCheckFaq,"Proszę sprawdzić często zadawane pytania (FAQ) i sugestie poniżej, aby zobaczyć, czy Twoje pytanie zostało już omówione.",Möglicherweise ist das Anliegen bereits unten im FAQ/Vorschläge Bereich beantwortet.,Please check the frequently asked questions (FAQ) and suggestions below to see if yours is already addressed.,,,,,
potentiallyFaultyYoutubeId%@,YouTube ID może być błędne: %@,YouTube ID könnte fehlerhaft sein: %@,YouTube ID may be faulty: %@,,,,,
preferYtCaptionsHelper,Wyłącza napisy w odtwarzaczu YouTube bez możliwości ich ponownego włączenia podczas odtwarzania.,"Deaktiviert Untertitel im YouTube-Player ohne Möglichkeit, sie während der Wiedergabe wieder einzuschalten.",Disables video captions in YouTube’s player with no option to re-enable them during playback.,,,,,
previousChapter,Poprzedni rozdział,Vorheriges Chapter,Previous Chapter,,,,,
publishedDate,Data publikacji,Veröffentlichungsdatum,Published Date,,,,,
purple,Fioletowy,Lila,Purple,,,,,
queue,Kolejka,Queue,Queue,,,,,
queueLast,Na koniec kolejki,Queue Ende,Queue Last,,,,,
queueNext,Następny w kolejce,Queue Anfang,Queue Next,,,,,
rateUnwatched,Oceń Unwatched,Unwatched bewerten,Rate Unwatched,,,,,
reallyDeleteVideo,"Naprawdę usunąć film?

Tej operacji nie można cofnąć. Jeśli film nadal istnieje, należy do aktywnej subskrypcji i jest jednym z 15 najnowszych filmów, może pojawić się ponownie po następnym odświeżeniu.","Video wirklich löschen?

Dies kann nicht rückgängig gemacht werden. Wenn das Video noch existiert, zu einem aktiven Abo gehört und eines der 15 neuesten Videos ist, kann es nach der nächsten Aktualisierung wieder erscheinen.","Really delete Video?

This cannot be undone. If the video still exists, belongs to an active subscription, and is one of the 15 most recent videos, it may reappear after the next refresh.",,,,,
recentlyAdded,Ostatnio dodane,Zuletzt hinzugefügt,Recently Added,,,,,
red,Czerwony,Rot,Red,,,,,
refresh,Odśwież,Neu laden,Refresh,,,,,
reloadVideo,Przeładuj odtwarzacz,Player neu laden,Reload Player,,,,,
removeBookmark,Usuń zakładkę,Markierung entfernen,Remove Bookmark,,,,,
removeDeferDate,Usuń datę odroczenia,Aufschubdatum entfernen,Remove Defer Date,,,,,
removeDuplicates,Wyczyść duplikaty i modele,Duplikate & Leere Objekte löschen,Cleanup Duplicates & Models,,,,,
"removedDuplicates
%lld
%lld
%lld
%lld
%lld","Filmy: %1$lld
Wpisy w kolejce: %2$lld
Wpisy w skrzynce: %3$lld
Rozdziały: %4$lld
Subskrypcje: %5$lld","Videos: %1$lld
Queue: %2$lld  Inbox: %3$lld
Kapitel: %4$lld Abos: %5$lld","Videos: %1$lld
Queue Entries: %2$lld  Inbox Entries: %3$lld Chapters: %4$lld Subscriptions: %5$lld",,,,,
requireClearConfirmation,Wymagaj potwierdzenia wyczyszczenia,Bestätigung zum Leeren erforderlich,Require Clear Confirmation,,,,,
restartNow,Uruchom ponownie teraz,Jetzt neu starten,Restart Now,,,,,
restartNow?,Wymagane ponowne uruchomienie,Neustart notwendig,Restart Required,,,,,
restartVideo,Odtwórz ponownie,Neu starten,Restart,,,,,
restoreBackup,Przywróć kopię zapasową,Backup wiederherstellen,Restore Backup,,,,,
restoreSettingsFromBackup,Przywróć tylko ustawienia,Nur Einstellungen wiederherstellen,Restore Settings Only,,,,,
restoreThisBackup?,Przywrócić tę kopię zapasową?,Aus diesem Backup wiederherstellen?,Restore This Backup?,,,,,
restoreThisBackupMessage,"Wszystkie Twoje obecne dane zostaną usunięte, a wybrana kopia zapasowa zostanie przywrócona.",Alle deine aktuellen Daten werden gelöscht und das ausgewählte Backup wird wiederhergestellt.,All your current data will be deleted and the selected backup will be restored.,,,,,
returnToQueue,Wróć do kolejki,Queue anzeigen,Return to Queue,,,,,
rotateOnPlay,Włącz tryb pełnego ekranu,Querformat-Vollbildmodus starten,Enter Horizontal Fullscreen,,,,,
searchLibrary,Szukaj,Durchsuchen,Search,,,,,
seekBackward,Przewiń do tylu,Zurück springen,Seek Backward,,,,,
seekForward,Przewiń do przodu,Vorwärts springen,Seek Forward,,,,,
selectAll,Zaznacz wszystkie,Alles auswählen,Select All,,,,,
selectDate,Wybierz datę,Datum auswählen,Select Date,,,,,
selectFile,Wybierz plik,Datei auswählen,Select File,,,,,
sendFeedback,Opinie i pomoc,Feedback & Hilfe,Feedback & Help,,,,,
settings,Ustawienia,Einstellungen,Settings,,,,,
setupShareSheetAction,Skonfiguruj Skrót udostępniania,Share Sheet Setup,Setup Share Sheet,,,,,
shareSheet,Skrót udostępniania,Teilen-Menü,Share Sheet,,,,,
shareVideo,Udostępnij film,Video teilen,Share Video,,,,,
sheetOpacity,Półprzezroczysty pasek nawigacji,Transparente Navigationsleiste,Translucent Navigationbar,,,,,
shortsSetting,#Shorts,#Shorts,#Shorts,,,,,
shortsSettingsFooter,"Domyślne zachowanie dla YouTube #shorts; można je nadpisać dla poszczególnych kanałów. Dotyczy to nowych filmów i list – nie dotyczy obecnej kolejki, obecnej skrzynki ani historii oglądania.","Standardverhalten für YouTube-#Shorts; kann für einzelne Kanäle überschrieben werden. Betrifft neue Videos und Listen – es hat keinen Einfluss auf die aktuelle Queue, die aktuelle Inbox oder den Wiedergabeverlauf.","Default behavior for YouTube #shorts; can be overwritten for individual channels. This affects new videos and lists – it does not affect the current Queue, current Inbox, or watch history.",,,,,
showAddToQueueButton,Pokaż przycisk “Następny w kolejce” na filmach w skrzynce,“Video-Hinzufügen” Button bei Inbox Einträgen anzeigen,Show “Queue Next”-Button on Inbox Entries,,,,,
showClearQueueButton,"Pokaż przycisk ""Wyczyść""","""Leeren"" Button anzeigen",Show Clear Button,,,,,
showMenu,Menu,Menü,Menu,,,,,
showNotificationBadge,Ikona aplikacji z liczbą nowych filmów,App Icon Kennzeichen für neue Videos,App Icon Badge for new Videos,,,,,
showShorts,Pokaż,Anzeigen,Show,,,,,
showTabBarBadge,Znacznik na pasku nawigacji dla nowych filmów,Tab Bar Kennzeichen bei neuen Videos,Tab Bar Badge for new Videos,,,,,
showTabBarLabels,Pokaż etykiety na pasku nawigacji,Tab Bar Label anzeigen,Show Tab Bar Labels,,,,,
showTutorial,Pokaż samouczek,Tutorial anzeigen,Show Tutorial,,,,,
showVideoListOrder,Pokaż pozycję w kolejce,Queue Position anzeigen,Show Queue Order,,,,,
sideloads,Niezasubskrybowane,Ohne Abo,Unsubscribed,,,,,
skip,Pomiń,Überspringen,Skip,,,,,
skipChapterText,"Słowo kluczowe 1, słowo kluczowe 2, …","Schlagwort 1,Schlagwort 2,…","Keyword 1,Keyword 2,…",,,,,
skipSponsorSegments,Automatycznie pomijaj segmenty sponsorowane,Sponsor-Abschnitte überspringen,Auto-Skip Sponsor Segments,,,,,
skipSponsorSegmentsHelper,"Wymaga rozdziałów SponsorBlock. Upewnij się, że jesteś zalogowany na swoje konto YouTube Premium i historia oglądania jest włączona.",Erfordert SponsorBlock Kapitel. Stelle sicher dass der YouTube Premium Account angemeldet ist und der YouTube Verlauf angeschaltet ist.,Requires SponsorBlock chapters. Make sure you’re signed into your YouTube Premium account and watch history is turned on.,,,,,
sleepTimer,Timer usypiania,Sleep Timer,Sleep Timer,,,,,
sleepTimer%@,Timer usypiania %@,Sleep Timer %@,Sleep Timer %@,,,,,
sleepTimerOff,Wyłączony,Timer stoppen,Off,,,,,
speedSetting,Prędkość,Geschwindigkeit,Speed,,,,,
sponsorBlockChapters,Uwzględnij rozdziały z SponsorBlock,SponsorBlock Kapitel einbeziehen,Include SponsorBlock Chapters,,,,,
sponsorBlockSettings,SponsorBlock,SponsorBlock,SponsorBlock,,,,,
sponsorBlockSettingsHelper,"Rozdziały SponsorBlock zostaną wyświetlone jeśli są dostępne. Gdy film ma już rozdziały, tylko segmenty sponsorowane zostaną dodane. Jeśli film nie ma rozdziałów, wszystkie dostępne segmenty (jak wstęp, zakończenie itp.) zostaną utworzone jako rozdziały z pustymi miejscami pomiędzy.","Falls verfügbar, werden SponsorBlock-Kapitel angezeigt. Wenn ein Video bereits Kapitel enthält, werden nur die Sponsoren-Segmente zusammengeführt. Hat ein Video keine Kapitel, werden alle verfügbaren Segmente (wie Intro, Outro, etc.) als Kapitel erstellt, mit leeren Kapiteln dazwischen.","If available, SponsorBlock chapters will be shown. When a video already has chapters, only sponsor segments will be merged. If a video has no chapters, all available segments (like intro, outro, etc.) will be created as chapters, with empty chapters in between.",,,,,
startVideosInFullscreen,Wymuś natywny pełny ekran odtwarzacza,iOS Vollbildmodus erzwingen,Force Native Fullscreen Player,,,,,
subscribe,Subskrybuj,Abonnieren,Subscribe,,,,,
subscribed,Zasubskrybowane,Abonniert,Subscribed,,,,,
subscriptionInfoNotFound,Nie znaleziono informacji o subskrypcji,Abo Information nicht gefunden,Subscription information not found,,,,,
subscriptionTitle,Alfabetycznie,Abo Name,Subscription Title,,,,,
subscriptions,Subskrypcje,Abos,Subscriptions,,,,,
success,Sukces,Erfolgreich,Success,,,,,
swipeUpToSelect,Przesuń w górę,Swipe nach oben,Swipe up,,,,,
syncNotWorkingFaqA,"Włącz synchronizację iCloud w ""Ustawienia → Dane Użytkownika"". Ta funkcja jest nadal eksperymentalna.  Jeśli napotkasz problemy, możesz spróbować kroków rozwiązywania problemów tutaj: [Rozwiązywanie problemów z synchronizacją iCloud w Unwatched](https://github.com/fer0n/Unwatched/wiki/Unwatched-iCloud-Sync-Troubleshooting)","Unter ""Einstellungen → Benutzerdaten"" kann iCloud-Synchronisierung aktiviert werden. Diese Funktion ist experimentell.  Falls es Probleme gibt, findet sich hier eine Schritt-für-Schritt Anleitung zur Fehlerbehebung: [Unwatched iCloud Sync Trouble Shooting](https://github.com/fer0n/Unwatched/wiki/Unwatched-iCloud-Sync-Troubleshooting)","Enable iCloud sync in ""Settings → User Data."" This feature is still experimental.  If you’re running into issues, you can try the troubleshooting steps here: [Unwatched iCloud Sync Trouble Shooting](https://github.com/fer0n/Unwatched/wiki/Unwatched-iCloud-Sync-Troubleshooting)",,,,,
syncNotWorkingFaqQ,Jak mogę synchronizować dane między urządzeniami? Synchronizacja nie działa.,Wie funktioniert die Synchronisierung über Geräte hinweg? Es klappt nicht.,How can I sync across devices? It’s not working.,,,,,
syncNotWorkingFaqT,Synchronizacja iCloud,iCloud Sync,iCloud Sync,,,,,
syncToIcloud,Synchronizuj przez iCloud,Mit iCloud synchronisieren,Sync via iCloud,,,,,
syncing,Synchronizacja,Synchronisiert,Syncing,,,,,
teal,Turkusowy,Blaugrün,Teal,,,,,
textContainsPlaylist,Wykryto URL playlisty,Playlist-URL Entdeckt,Playlist URL detected,,,,,
textContainsPlaylistMessage %lld,"Jak powinna być obsługiwana playlista?
Dodanie playlisty do kolejki/skrzynki jest ograniczone do %lld filmów.","Wie soll mit der Playlist umgegangen werden?
Beim hinzufügen zur Queue/Inbox besteht ein limit von %lld Videos.","How should the playlist be handled?
Adding the playlist to the Queue/Inbox is limited to %lld videos.",,,,,
tipChapters,Wybierz rozdziały,Kapitel vorab auswählen,Pre-select Chapters,,,,,
tipChaptersMessage,"W filmach z rozdziałami możesz wcześniej odznaczyć rozdziały, które chcesz pominąć. Dotyczy to również filmów w kolejce, które nie są aktualnie odtwarzane.","Für Videos mit Kapiteln kannst du im Voraus die Kapitel abwählen, die du überspringen möchtest. Das ist nicht auf das aktuelle Video oder die Warteschlange beschränkt.","For videos that provide chapters, you can untick chapters you want to skip in advance. This is also possible for videos that are queued up and not currently playing.",,,,,
tipPlaybackSpeed,Dostosuj prędkość,Benutzerdefinierte Geschwindigkeit,Custom Speed,,,,,
tipPlaybackSpeedMessage,"Kliknij ikonę “kłódki” w odtwarzaczu, aby zastosować wybraną prędkość odtwarzania tylko na tym kanale.","Tippe auf das „Schloss“-Symbol im Player, um die ausgewählte Wiedergabegeschwindigkeit auf den aktuellen Kanal zu beschränken.",Tap the “lock” icon inside the player to restrict the selected playback speed to the current channel.,,,,,
tipSwipeActions,Akcje gestów,Swipe Gesten,Swipe Actions,,,,,
tipSwipeActionsMessage,"**Odtwarzacz obsługuje gesty:**
• Przesuń w lewo/prawo: Przełącz rozdział
• Kliknij na środku: Odtwórz/Wstrzymaj
• Przesuń w górę/dół: Wejdź/wyjdź z pełnego ekranu
• Przytrzymaj w prawo/lewo: Przyspiesz/zwolnij odtwarzanie
• Przesuń w dół w pionie: Wejdź w PiP","**Unterstützte Video Gesten:**
• Links/rechts swipen: Kapitel wechseln
• Mitte antippen: Play/pause
• Hoch/runter swipen: Vollbild an/aus
• Rechts/links lange halten: Schneller/langsamer abspielen
• Mini-player swipe nach unten: PiP","**Supported video gestures:**
• Swipe left/right: Jump chapters
• Tap center: Play/pause
• Swipe up/down: Enter/exit fullscreen
• Long press right/left: Speed up/slow down playback
• Swipe down in portrait: Enter PiP",,,,,
tipTitleLongPress,Zobacz na YouTube,Auf YouTube ansehen,View on YouTube,,,,,
tipTitleLongPressMessage,Możesz wybrać “Zobacz na YouTube” z menu “…” w odtwarzaczu lub przytrzymać tytuł filmu/aktualny rozdział.,Aus dem “…”-Button Menü im Player kann “Auf YouTube ansehen” ausgewählt werden. Das gleiche ist durch tippen und halten auf den Video Titel/das aktuelle Kapitel möglich.,"You can select “View on YouTube” from the “…”-menu inside the player, or you can long press the video title/current chapter.",,,,,
toggleFullscreen,Przełącz pełny ekran,Vollbild Umschalten,Toggle Fullscreen,,,,,
toggleTemporarySpeed,Tymczasowa prędkość odtwarzania,Vorübergehende Abspielgeschwindigkeit,Temporary Playback Speed,,,,,
tomorrow,Jutro,Morgen,Tomorrow,,,,,
tutorialHelper,"Szukaj na YouTube, aby dodać
swoje ulubione kanały do Unwatched","Durchsuche YouTube, um deine 
Lieblingskanäle zu Unwatched hinzuzufügen","Search YouTube to quickly add your
favorite channels to Unwatched",,,,,
tvOsFaqA,"Tak, ale nie obsługuje niestandardowego odtwarzacza i zamiast tego otwiera aplikację YouTube. Niestandardowy odtwarzacz jest niestety niedostępny z powodów technicznych i prawnych.  Możesz również użyć AirPlay do przesyłania z Unwatched na Apple TV. Uruchom tryb pełnoekranowy (prawy dolny róg, nie na macOS), a następnie wybierz AirPlay.","Ja, aber Unwatched unterstützt keinen eigenen Player auf tvOS und öffnet stattdessen die YouTube App. Ein eigener Player ist leider aufgrund von technischen & rechtlichen Einschränkungen nicht möglich.  Alternativ kann AirPlay verwendet werden. Dazu muss im Player unten rechts der native iOS Vollbild-Modus gestartet werden. Von dort kann AirPlay ausgewählt werden.","Yes, but it doesn't support a custom player and opens the YouTube app instead. A custom player is sadly not possible due to technical & legal restrictions.  You can also use AirPlay to cast from Unwatched to Apple TV. Enter fullscreen by tapping the fullscreen button on the video player (bottom right, not on macOS), then choose AirPlay.",,,,,
tvOsFaqQ,Czy Unwatched jest dostępny na tvOS?,Gibt es eine tvOS Version von Unwatched?,Is Unwatched available on tvOS?,,,,,
tvOsFaqT,Wsparcie dla tvOS,tvOS Support,tvOS Support,,,,,
undo,Cofnij,Rückgängig machen,Undo,,,,,
unsubscribe,Anuluj subskrypcję,Abo beenden,Unsubscribe,,,,,
unwatchedLogo,Logo Unwatched,Unwatched Logo,Unwatched Logo,,,,,
unwatchedOnBluesky,Bluesky,Bluesky,Bluesky,,,,,
unwatchedOnGithub,GitHub,GitHub,GitHub,,,,,
unwatchedOnMastodon,Mastodon,Mastodon,Mastodon,,,,,
useDefault,Użyj domyślnych,Standard,Use Default,,,,,
userData,Dane użytkownika,Nutzer Daten,User Data,,,,,
videoAddedToInbox,Nowe filmy w skrzynce,Neue Videos in Inbox,Videos Added to Inbox,,,,,
videoAddedToQueue,Nowe filmy w kolejce,Neue Videos in Queue,Videos Added to Queue,,,,,
videoDescription,Opis filmu,Video Beschreibung,Video Description,,,,,
videoFilter,Filmy,Videos,Videos,,,,,
videoListFormat,Widok listy filmów,Video Listen Darstellung,Video List Format,,,,,
videoPlacement,Pozycja,Neue Videos,Placement,,,,,
videoSettings,Filmy,Videos,Videos,,,,,
videoSorting,Sortowanie,Sortierung,Sorting,,,,,
videoStatus,Status filmu,Video Status,Video Status,,,,,
videoTitle,Tytuł,Titel,Title,,,,,
videoTriage,Selekcja,Triage,Triage,,,,,
videoURL,URL,URL,URL,,,,,
videos,Filmy,Videos,Videos,,,,,
watchHistoryNotShowingFaqA,"Włącz “Ustawienia → Odtwarzanie → Historia filmów na YouTube”, aby upewnić się, że obejrzane filmy pojawią się na YouTube, i zaloguj się przez przeglądarkę w aplikacji.","Die Option ""Einstellungen → Wiedergabe → YouTube Wiedergabeverlauf"" muss aktiviert sein. Stelle außerdem Sicher, dass du im in-App Browser mit deinem YouTube Account angemeldet bist.","Enable “Settings → Playback → YouTube Watch History” to ensure watched videos appear on YouTube, and sign in through the in-app browser.",,,,,
watchHistoryNotShowingFaqQ,Dlaczego moje obejrzane filmy nie pojawiają się w mojej historii oglądania YouTube?,Warum erscheinen meine angesehenen Videos nicht in meinem YouTube-Wiedergabeverlauf?,Why don't my watched videos appear in my YouTube watch history?,,,,,
watchHistoryNotShowingFaqT,Historia filmów na YouTube,YouTube Wiedergabeverlauf,YouTube Watch History,,,,,
watchInBrowser,Oglądaj w przeglądarce,Im Browser ansehen,Watch in Browser,,,,,
watched,Obejrzane,Gesehen,Watched,,,,,
yellow,Żółty,Gelb,Yellow,,,,,
youtube,YouTube,YouTube,YouTube,,,,,
youtubeChannelUrl,URL kanału YouTube,YouTube Kanal URL,YouTube Channel URL,,,,,
youtubePremium,Potwierdź YouTube Premium,YouTube Premium bestätigen,Confirm YouTube Premium,,,,,
youtubePremiumConfirm,Mam Premium,Ich habe Premium,I have Premium,,,,,
youtubePremiumDecline,Nie mam Premium,Ich habe kein Premium,I don’t have Premium,,,,,
youtubePremiumTitle,Czy masz YouTube Premium?,Hast du YouTube Premium?,Do you have YouTube Premium?,,,,,
youtubeUrl,URL YouTube,YouTube URL,YouTube URL,,,,,
,,,,,,,,
title (max 30 chars),,,Unwatched for YouTube,,,,,
Subtitle (max 30 chars),,,Player & Watch Later Queue,,,,,
keywords (max 100 chars),,,"rss,reader,save,subscription,manage,podcast,pip,follow,without,ads,list,triage,inbox,skip,chapter",,,,,
description,,,"Follow YouTube channels or add Videos to watch them later

KEY FEATURES

• The Queue
No autoplay, no algorithmic bottomless feed. Just the Videos queued up in the order you want to.

• Follow Channels or Playlist
Automatically add new videos

• Triage
Choose where new videos of each channel should end up. Directly on top of the queue, or in your inbox to sort through them. Pick the best, leave the rest.

• Sick of #shorts?
Hide them all if you want.

• Custom Playback Speed Per Channel
Set custom speeds for any channel. Want to watch trailers in 1x and podcasts in 2x? You can.

• Chapter Support
Jump to any chapter or pick and choose a few to watch while skipping the rest.


MORE
• Picture-in-Picture (+ Background Audio)
• Drag and drop videos & channel urls
• Shortcut support
• Continuous play
• Notifications
• Sleep Timer
• Custom Themes
• Directly Import YouTube Subscriptions
• iCloud Sync",,,,,